Trigger,Event Category,Integration,Event Name,Event Description,Event Property,Property Description,Required,Array,Data Type,Value Example,Analysis,Status,Since,Note
-,공통,SDK,*,우리 코드가 보내는 모든 이벤트에 붙는 공통 속성,utm_source,링크의 utm_source. 없으면 (none),TRUE,FALSE,String,"""facebook"", ""threads"", ""naver_blog"", ""notes"", ""(none)""",유입 채널 구분,active,2026-09-30,소문자로 바꾸고 영문 소문자·숫자·밑줄·하이픈 밖의 문자는 지움
-,공통,SDK,*,우리 코드가 보내는 모든 이벤트에 붙는 공통 속성,utm_medium,링크의 utm_medium. 없으면 (none),TRUE,FALSE,String,"""cpc"", ""social"", ""owned"", ""(none)""","광고(cpc), 무료 SNS(social), 우리 사이트 글(owned) 구분. cpc일 때만 설문 Q1을 띄움",active,2026-09-30,
-,공통,SDK,*,우리 코드가 보내는 모든 이벤트에 붙는 공통 속성,utm_campaign,링크의 utm_campaign. 없으면 (none),TRUE,FALSE,String,"""pdrncream_traffic_imgtest_r1_261002"", ""organic"", ""(none)""",캠페인(실험 차수) 구분,active,2026-09-30,광고 링크는 캠페인 이름과 같은 값(제품_목표_실험_차수_시작일). 2026-10-02 이전 값은 kr_2040_skincare
-,공통,SDK,*,우리 코드가 보내는 모든 이벤트에 붙는 공통 속성,utm_term,링크의 utm_term. 없으면 (none),TRUE,FALSE,String,"""ua_2040_female_interest_skincare"", ""(none)""",광고 세트(타겟) 구분. 타겟을 바꾼 광고 세트가 생기면 이 값으로 나눠 봄,active,2026-10-02,광고 링크는 광고 세트 이름과 같은 값(겨냥_연령_성별_고르는방법_값). 무료 SNS 링크에는 붙이지 않아 (none)
-,공통,SDK,*,우리 코드가 보내는 모든 이벤트에 붙는 공통 속성,utm_content,링크의 utm_content. 없으면 (none),TRUE,FALSE,String,"""img_ingredient_text_common_r1_v1"", ""img_texture_text_common_r1_v1"", ""img_texture_text_ingredient_r2_v1"", ""img_texture_text_review_r2_v1"", ""t01"", ""b01"", ""n01"", ""(none)""",광고 소재 또는 SNS 글 구분,active,2026-09-30,"광고 링크는 광고 이름과 같은 값(img_그림_text_글_차수_버전). 2026-10-02 이전 값은 r1_name, r1_review"
-,공통,SDK,*,우리 코드가 보내는 모든 이벤트에 붙는 공통 속성,round,몇 차 테스트인가. utm_content의 차수 자리에서 뽑음,TRUE,FALSE,String,"""r1"", ""r2"", ""(none)""",1차(이미지)와 2차(문구) 구분,active,2026-09-30,utm_content가 광고 이름 규칙(img_그림_text_글_차수_버전)이 아니면 (none). 글 페이지(/notes/) 이벤트는 utm_content와 관계없이 (none)
-,공통,SDK,*,우리 코드가 보내는 모든 이벤트에 붙는 공통 속성,variant,"A와 B 중 어느 소재인가. utm_content에서 A와 B가 다른 쪽의 값을 뽑음(글이 common이면 그림 값, 아니면 글 값)",TRUE,FALSE,String,"""ingredient"", ""texture"", ""review"", ""(none)""","A와 B 비교의 기준 속성. 1차는 ingredient(원료 그림) 대 texture(사용감 그림), 2차는 ingredient(성분 이름 문구) 대 review(리뷰 언어 문구)",active,2026-09-30,"2026-10-02 이전 값은 name, review. 글 페이지(/notes/) 이벤트는 utm_content와 관계없이 (none)"
-,공통,SDK,*,우리 코드가 보내는 모든 이벤트에 붙는 공통 속성,landing_page,어느 랜딩 페이지인가. 페이지 코드의 SD_CONFIG.landingPage 값,TRUE,FALSE,String,"""common"", ""ingredient"", ""review"", ""(none)""",링크 오류 점검(variant와 다르면 링크를 잘못 넣은 것),active,2026-09-30,1차는 common 하나. 2차 소재별 랜딩은 ingredient 또는 review. 글 페이지(/notes/) 이벤트는 SD_CONFIG 값이 아니라 코드에서 (none)으로 고정
-,공통,SDK,*,우리 코드가 보내는 모든 이벤트에 붙는 공통 속성,is_test,테스트 방문 표시. 주소에 debug=1이 있을 때만 붙음,FALSE,FALSE,Boolean,TRUE,분석에서 제외,active,2026-09-30,일반 방문에는 속성이 없음(null). 필터는 is_test = true인 것을 빼는 방식으로 걸어야 null이 남음
view,관심 전환,SDK,landing_view,/concept 페이지가 열릴 때 1회,,,,,,,소재별 방문 기기 수. 메타 링크 클릭 수와 비교해 도착 비율 확인,active,2026-09-30,새로 고침하면 다시 발생하므로 기기 수(unique)로 셈
click,관심 전환,SDK,interest_click,"""출시되면 관심 있어요"" 버튼 첫 클릭",,,,,,,핵심 전환. interest_click 기기 ÷ landing_view 기기를 variant와 round별로 비교,active,2026-09-30,페이지당 1회. 누르면 버튼이 비활성으로 바뀜
timer,관심 전환,SDK,engaged_60s,화면이 보이는 상태로 60초 누적,,,,,,,소재별 60초 체류 비율,active,2026-09-30,다른 탭으로 가 있는 시간은 세지 않음. 페이지당 1회
view,설문,SDK,survey_view,설문 카드가 화면에 뜰 때,trigger,무엇 때문에 떴나,TRUE,FALSE,String,"""interest"", ""timer""",설문 응답률의 분모. trigger별 응답률 비교,active,2026-09-30,관심 버튼 클릭 또는 보이는 시간 20초 중 먼저 오는 쪽. 한 기기에 한 번(debug=1 제외)
click,설문,SDK,survey_answer,설문 문항에 답할 때 (문항마다 1회),q,답한 문항,TRUE,FALSE,String,"""q1"", ""q2"", ""q3""",문항별 응답 분포,active,2026-09-30,q1은 utm_medium=cpc일 때만 나옴. 순서는 q1 → q2 → q3 고정이라 q=q3이면 완주
click,설문,SDK,survey_answer,설문 문항에 답할 때 (문항마다 1회),answer,고른 선택지 코드,TRUE,FALSE,String,"q1: ""ingredient"", ""texture"", ""effect"", ""image"", ""other"" / q2: ""ingredient"", ""effect"", ""review"", ""price"", ""brand"", ""other"" / q3: ""always"", ""sometimes"", ""rarely""",Q1은 round별로만. Q2와 Q3는 1차와 2차를 합쳐 봄,active,2026-09-30,같은 코드(ingredient 등)가 q1과 q2에 모두 있으므로 항상 q로 먼저 거름
click,설문,SDK,survey_close,끝까지 답하지 않고 설문을 닫을 때,step,닫을 때 보고 있던 문항,TRUE,FALSE,String,"""q1"", ""q2"", ""q3""",문항별 이탈,active,2026-09-30,
view,글,SDK,note_view,글 페이지(/notes/...)가 열릴 때 1회,note,어느 글인가. 주소의 마지막 부분,TRUE,FALSE,String,"""pdrn-cream-reviews""",글별 방문 기기 수. note_link_click의 분모,active,2026-10-05,페이지 종류가 달라 landing_view와 나눔(README 4.2). 새로 고침하면 다시 발생하므로 기기 수로 셈
click,글,SDK,note_link_click,글 안의 콘셉트 페이지 링크를 누를 때,note,어느 글인가. 주소의 마지막 부분,TRUE,FALSE,String,"""pdrn-cream-reviews""",글에서 콘셉트로 넘어간 비율(note_link_click 기기 ÷ note_view 기기),active,2026-10-05,누를 때마다 발생. 넘어간 뒤는 /concept의 landing_view(utm_source=notes)로 이어서 봄
click,글,SDK,note_link_click,글 안의 콘셉트 페이지 링크를 누를 때,target,어디로 가는 링크인가,TRUE,FALSE,String,"""concept""",글 안 링크가 늘어날 때 링크별로 나눠 봄,active,2026-10-05,
auto,세션,Amplitude autocapture,session_start,Amplitude가 세션 시작을 자동 기록,,,,,,,세션 수와 재방문,active,2026-09-30,autocapture.sessions=true. 우리 코드는 보내지 않음
auto,세션,Amplitude autocapture,session_end,Amplitude가 세션 끝을 자동 기록,,,,,,,세션 길이,active,2026-09-30,autocapture.sessions=true. 우리 코드는 보내지 않음
view,광고 최적화,Meta Pixel,PageView,페이지가 열릴 때 메타 픽셀이 보냄,,,,,,,메타 광고 최적화용. 분석은 Amplitude로 함,active,2026-09-30,autoConfig=false로 버튼 문구 자동 수집을 끔
click,광고 최적화,Meta Pixel,InterestClick,관심 버튼 첫 클릭 때 메타 픽셀 맞춤 이벤트,,,,,,,메타가 관심 클릭 기준으로 노출을 최적화하게 할지 결정용,rejected,,2026-09-30 보내지 않기로 함. Amplitude에 같은 데이터가 있고 메타 최적화에 쓰기엔 수가 적으며 최적화를 켜면 A/B 노출 조건이 달라짐. 처리방침 6절도 고쳐야 함
